https://candid.s3-ap-southeast-2.amazonaws.com/about.jpg,570x380
https://candid.s3-ap-southeast-2.amazonaws.com/breakp.png,855x200
https://candid.s3-ap-southeast-2.amazonaws.com/card1.png,50x50
https://candid.s3-ap-southeast-2.amazonaws.com/card2.png,50x50
https://candid.s3-ap-southeast-2.amazonaws.com/card3.png,50x50
https://candid.s3-ap-southeast-2.amazonaws.com/card4.png,50x50
https://candid.s3-ap-southeast-2.amazonaws.com/card5.png,50x50
https://candid.s3-ap-southeast-2.amazonaws.com/card6.png,50x50
https://candid.s3-ap-southeast-2.amazonaws.com/cont.jpg,252x240
https://candid.s3-ap-southeast-2.amazonaws.com/favicon.ico,16X16
https://candid.s3-ap-southeast-2.amazonaws.com/foot.png,40x40
https://candid.s3-ap-southeast-2.amazonaws.com/ikon.jpg,10x10
https://candid.s3-ap-southeast-2.amazonaws.com/info1.jpg,163x163
https://candid.s3-ap-southeast-2.amazonaws.com/logo.png,140x32
https://candid.s3-ap-southeast-2.amazonaws.com/logos.png,60x60
https://candid.s3-ap-southeast-2.amazonaws.com/wel1.jpg,980x375
https://candid.s3-ap-southeast-2.amazonaws.com/wel2.jpg,980x375
https://candid.s3-ap-southeast-2.amazonaws.com/svg.svg,-
https://candid.s3-ap-southeast-2.amazonaws.com/svg0.svg,-